category,pct_2023
Recurrent,0.5736
Signals,0.4924
Incidents,0.0058000000000000005
Weather,0.0417
Work Zone,0.011800000000000001
Holiday,0.028200000000000003
Unclassified,3e-4
