category,pct_2022
Recurrent,0.0392
Signals,0.48530000000000006
Incidents,0
Weather,0.0293
Work Zone,0
Holiday,0.06330000000000001
Unclassified,0.4726
