category,pct_2023
Recurrent,0.5884
Signals,0
Incidents,0.0038
Weather,0.09469999999999999
Work Zone,0
Holiday,0.034499999999999996
Unclassified,0.4104
