category,pct_2021
Recurrent,0
Signals,0.40859999999999996
Incidents,0.0298
Weather,0.09749999999999999
Work Zone,0.2924
Holiday,0.0408
Unclassified,0.2607
