category,pct_2023
Recurrent,0
Signals,0.7068
Incidents,0.0449
Weather,0.1595
Work Zone,0.27090000000000003
Holiday,0.22970000000000002
Unclassified,0.2324
