category,pct_2023
Recurrent,0.3684
Signals,0
Incidents,0.004200000000000001
Weather,0.1021
Work Zone,0.11989999999999999
Holiday,0.045
Unclassified,0.5673
