category,pct_2022
Recurrent,0.2942
Signals,0.4667
Incidents,0.0302
Weather,0.1336
Work Zone,0.18710000000000002
Holiday,0.045200000000000004
Unclassified,0.1887
