category,pct_2023
Recurrent,0.333
Signals,0.7031999999999999
Incidents,0.0125
Weather,0.1002
Work Zone,0.06820000000000001
Holiday,0.06659999999999999
Unclassified,0
