category,pct_2023
Recurrent,0.3277
Signals,0.6753
Incidents,0.018000000000000002
Weather,0.07050000000000001
Work Zone,0.05530000000000001
Holiday,0.0235
Unclassified,0.0178
