category,pct_2021
Recurrent,0
Signals,0
Incidents,0.5732999999999999
Weather,0.19860000000000003
Work Zone,0.24220000000000003
Holiday,0.0837
Unclassified,0.18460000000000001
