category,pct_2023
Recurrent,0
Signals,0
Incidents,0.18150000000000002
Weather,0.0353
Work Zone,0.33660000000000007
Holiday,0.0489
Unclassified,0.4679
