category,pct_2023
Recurrent,0.011300000000000001
Signals,0.738
Incidents,0
Weather,0.07579999999999999
Work Zone,0.0016
Holiday,0.066
Unclassified,0.21960000000000002
