category,pct_2022
Recurrent,0.20950000000000002
Signals,0
Incidents,0.509
Weather,0.1388
Work Zone,0.5176999999999999
Holiday,0.0795
Unclassified,0.08860000000000001
