category,pct_2021
Recurrent,0.38
Signals,0.6083999999999999
Incidents,0.062
Weather,0.10540000000000001
Work Zone,0.2425
Holiday,0.0613
Unclassified,0.0381
