category,pct_2023
Recurrent,0.5632
Signals,0.31429999999999997
Incidents,0.0021000000000000003
Weather,0.058300000000000005
Work Zone,0.0204
Holiday,0.0362
Unclassified,0.1372
