category,pct_2021
Recurrent,0.25579999999999997
Signals,0.5303
Incidents,0.0387
Weather,0.0693
Work Zone,0.0328
Holiday,0.09570000000000001
Unclassified,0.1867
