category,pct_2021
Recurrent,0.3289
Signals,0.5478
Incidents,0.0568
Weather,0.07550000000000001
Work Zone,0.06849999999999999
Holiday,0.0627
Unclassified,0.1076
