category,pct_2021
Recurrent,0.025500000000000002
Signals,0
Incidents,0.5668000000000001
Weather,0.21760000000000002
Work Zone,0.4194
Holiday,0.1086
Unclassified,0.228
