category,pct_2022
Recurrent,0.0058
Signals,0.2495
Incidents,0.0738
Weather,0.10229999999999999
Work Zone,0.005699999999999999
Holiday,0.0798
Unclassified,0.5834
