category,pct_2023
Recurrent,0.4369
Signals,0.20829999999999999
Incidents,0.0016000000000000003
Weather,0.0469
Work Zone,0.0598
Holiday,0.0436
Unclassified,0.2796
