category,pct_2021
Recurrent,0.0847
Signals,0.9971000000000001
Incidents,0.1683
Weather,0.13799999999999998
Work Zone,0.10400000000000001
Holiday,0.11660000000000001
Unclassified,4e-4
