category,pct_2022
Recurrent,0.5486
Signals,0.3894
Incidents,0.0078
Weather,0.047400000000000005
Work Zone,0.08629999999999999
Holiday,0.033
Unclassified,0.07690000000000001
