category,pct_2022
Recurrent,0
Signals,0.1963
Incidents,0.0275
Weather,0.18030000000000002
Work Zone,0.004699999999999999
Holiday,0.0418
Unclassified,0.6198
