category,pct_2021
Recurrent,0
Signals,0
Incidents,0.8716999999999999
Weather,0.2268
Work Zone,0.4038
Holiday,0.1432
Unclassified,0.08039999999999999
