category,pct_2023
Recurrent,0.5435000000000001
Signals,0.33230000000000004
Incidents,0.005900000000000001
Weather,0.0685
Work Zone,4e-4
Holiday,0.0334
Unclassified,0.1904
