category,pct_2021
Recurrent,0.8628999999999999
Signals,0.14509999999999998
Incidents,0.0075
Weather,0.0132
Work Zone,0.006500000000000001
Holiday,0.0095000000000000015
Unclassified,4e-4
