category,pct_2023
Recurrent,0
Signals,0.6504
Incidents,0.16469999999999999
Weather,0.183
Work Zone,0
Holiday,0.08499999999999999
Unclassified,0.17190000000000003
