category,pct_2023
Recurrent,0.8759
Signals,0.3338
Incidents,0.0034000000000000002
Weather,0.06019999999999999
Work Zone,0.0057
Holiday,0.024
Unclassified,0
